MEMORY
  total           15096 KB
  struct            158 KB
  buffer            602 KB
  arena           14336 KB, used 0.6%

SIZES
  narena                14680064
  nbuffer               616320
  nplugin               0
  maxuse_stack          30988
  maxuse_arena          93292
  maxuse_con            21
  maxuse_efc            112
  ncon                  16
  ne                    12
  nf                    14
  nl                    0
  nefc                  90
  nJ                    1800
  nY                    0
  nA                    0
  nisland               1
  nidof                 20
  ntree_awake           1
  nbody_awake           16
  nparent_awake         15
  nv_awake              20
  flg_energypos         0
  flg_energyvel         0
  flg_subtreevel        0
  flg_rnepost           1
  threadpool            0

TIMER
    0:  duration =  3.7e+04    number = 95509
    1:  duration =  3.6e+04    number = 95510
    2:  duration =  0          number = 0
    3:  duration =  2.8e+04    number = 95510
    4:  duration =  1e+03      number = 95510
    5:  duration =  2e+02      number = 95510
    6:  duration =  5.4e+03    number = 95510
    7:  duration =  5e+02      number = 95509
    8:  duration =  1.1e+03    number = 95510
    9:  duration =  7.2e+02    number = 95510
    10:  duration =  2.3e+04    number = 95510
    11:  duration =  3e+03      number = 95510
    12:  duration =  26         number = 95510
    13:  duration =  1.2e+03    number = 95510
    14:  duration =  1.8e+04    number = 95510

SOLVER STAT
  solver_fwdinv =   0         0       
  ISLAND 0
    solver_niter = 4
    solver_nnz = 400
      0:  improvement =  0.0045      gradient =  0.073       lineslope =  1.1e-17 
          nactive = 90   nchange = 4   neval = 3   nupdate = 4
      1:  improvement =  0.0018      gradient =  0.0039      lineslope =  3.6e-18 
          nactive = 89   nchange = 1   neval = 3   nupdate = 1
      2:  improvement =  3.1e-06     gradient =  0.00021     lineslope =  1.7e-19 
          nactive = 88   nchange = 1   neval = 3   nupdate = 1
      3:  improvement =  8.4e-09     gradient =  1.1e-15     lineslope =  0       
          nactive = 88   nchange = 0   neval = 2   nupdate = 0

ENERGY =   0         0       

TIME =  96      

QPOS
  -2.2     
  -0.73    
   0.014   
   0.94    
  -4.4e-05 
  -0.00021 
  -0.34    
  -1.3     
  -0.51    
   2.6e+02 
  -2.1     
   0.51    
  -0.17    
   0.51    
  -11      
   0.43    
  -2e+02   
  -10      
  -0.43    
   0.12    
  -0.43    

QVEL
  -7.1e-05 
  -2.1e-05 
  -0.00019 
   0.0034  
   0.00044 
  -0.00015 
   0.016   
  -0.0023  
   5.3e-06 
   0.013   
   0.0023  
  -0.0015  
   0.0023  
  -0.03    
   0.0074  
   8.9e-06 
  -0.019   
  -0.0077  
   0.0045  
  -0.0077  

QACC_WARMSTART
   0.0023  
  -0.0042  
   0.23    
  -2.3     
   0.053   
   0.053   
  -0.062   
  -0.076   
   0.00018 
  -0.0099  
  -0.028   
  -0.0058  
  -0.033   
  -0.13    
  -0.24    
   0.00047 
  -0.023   
  -0.042   
  -0.047   
  -0.066   

CTRL
  -0.019   
  -0.019   
   0       
  -0.51    
  -0.51    
  -0       

QFRC_APPLIED
   0       
   0       
   0       
   0       
   0       
   0       
   0       
   0       
   0       
   0       
   0       
   0       
   0       
   0       
   0       
   0       
   0       
   0       
   0       
   0       

XFRC_APPLIED
   0         0         0         0         0         0       
   0         0         0         0         0         0       
   0         0         0         0         0         0       
   0         0         0         0         0         0       
   0         0         0         0         0         0       
   0         0         0         0         0         0       
   0         0         0         0         0         0       
   0         0         0         0         0         0       
   0         0         0         0         0         0       
   0         0         0         0         0         0       
   0         0         0         0         0         0       
   0         0         0         0         0         0       
   0         0         0         0         0         0       
   0         0         0         0         0         0       
   0         0         0         0         0         0       
   0         0         0         0         0         0       

EQ_ACTIVE             1 1 1 1

QACC
   0.0023  
  -0.0042  
   0.23    
  -2.3     
   0.053   
   0.053   
  -0.062   
  -0.076   
   0.00018 
  -0.0099  
  -0.028   
  -0.0058  
  -0.033   
  -0.13    
  -0.24    
   0.00047 
  -0.023   
  -0.042   
  -0.047   
  -0.066   

SENSOR
   0.94    
  -4.5e-05 
  -0.00021 
  -0.34    
   0.0087  
  -0.0012  
   10      
   0.0058  
   0.00039 
  -0.0002  
  -1.3     
  -2.1     
   2.6e+02 
  -11      
  -10      
  -2e+02   
   0.016   
   0.013   
   5.1e-06 
  -0.03    
  -0.019   
   8.5e-06 
  -0.019   
  -0.019   
   0       
  -0.51    
  -0.51    
   0       

TREE_ASLEEP
  -11

XPOS
   0         0         0       
  -2.2      -0.73      0.014   
  -2.1      -0.59      0.13    
  -2.1      -0.55      0.33    
  -2.2      -0.41      0.12    
  -2.1      -0.58      0.13    
  -2.1      -0.56      0.035   
  -2.2      -0.53      0.13    
  -2.1      -0.59      0.26    
  -2.3      -0.87      0.13    
  -2.3      -0.87      0.34    
  -2.5      -0.77      0.17    
  -2.3      -0.88      0.13    
  -2.3      -0.84      0.04    
  -2.4      -0.81      0.15    
  -2.3      -0.89      0.25    

XQUAT
   1         0         0         0       
   0.94     -4.5e-05  -0.00021  -0.34    
   0.76      0.2       0.56     -0.27    
   0.59      0.26      0.73     -0.21    
   0.55     -0.27     -0.77     -0.2     
   0.46      0.29      0.82     -0.16    
   0.65      0.24      0.68     -0.23    
   0.59      0.26      0.73     -0.21    
   0.76      0.2       0.56     -0.27    
   0.68      0.23      0.65     -0.24    
   0.52      0.28      0.78     -0.19    
   0.91     -0.082    -0.23     -0.33    
   0.4       0.31      0.85     -0.14    
   0.57      0.27      0.75     -0.2     
   0.52      0.28      0.78     -0.19    
   0.68      0.23      0.65     -0.24    

XMAT
   1         0         0         0         1         0         0         0         1       
   0.77      0.64     -0.00036  -0.64      0.77      0.00023   0.00042   5.6e-05   1       
   0.23      0.64      0.74     -0.19      0.77     -0.61     -0.96      5.6e-05   0.3     
  -0.16      0.64      0.75      0.13      0.77     -0.62     -0.98      5.6e-05  -0.21    
  -0.25      0.64     -0.73      0.2       0.77      0.6       0.95      5.6e-05  -0.32    
  -0.4       0.64      0.66      0.33      0.77     -0.54     -0.85      5.6e-05  -0.52    
  -0.03      0.64      0.77      0.025     0.77     -0.64     -1         5.6e-05  -0.039   
  -0.16      0.64      0.75      0.13      0.77     -0.62     -0.98      5.6e-05  -0.21    
   0.23      0.64      0.74     -0.19      0.77     -0.61     -0.96      5.6e-05   0.3     
   0.028     0.64      0.77     -0.023     0.77     -0.64     -1         5.6e-05   0.036   
  -0.3       0.64      0.71      0.24      0.77     -0.59     -0.92      5.6e-05  -0.38    
   0.68      0.64     -0.36     -0.56      0.77      0.3       0.47      5.6e-05   0.88    
  -0.5       0.64      0.59      0.41      0.77     -0.49     -0.76      5.6e-05  -0.65    
  -0.21      0.64      0.74      0.17      0.77     -0.61     -0.96      5.6e-05  -0.27    
  -0.3       0.64      0.71      0.24      0.77     -0.59     -0.92      5.6e-05  -0.38    
   0.028     0.64      0.77     -0.023     0.77     -0.64     -1         5.6e-05   0.036   

XIPOS
   0         0         0       
  -2.2      -0.73      0.19    
  -2.1      -0.58      0.22    
  -2.2      -0.49      0.23    
  -2.2      -0.43      0.12    
  -2.1      -0.58      0.094   
  -2.1      -0.55      0.08    
  -2.1      -0.55      0.19    
  -2.1      -0.59      0.31    
  -2.3      -0.86      0.23    
  -2.4      -0.8       0.26    
  -2.5      -0.76      0.17    
  -2.3      -0.86      0.097   
  -2.4      -0.82      0.094   
  -2.3      -0.85      0.2     
  -2.3      -0.89      0.31    

XIMAT
   1         0         0         0         1         0         0         0         1       
   0.64     -0.00036   0.77      0.77      0.00023  -0.64      5.6e-05   1         0.00042 
   0.63      0.72      0.3       0.77     -0.58     -0.24     -0.0028    0.38     -0.92    
   0.64      0.63     -0.44      0.77     -0.53      0.37     -0.0021   -0.57     -0.82    
   0.64      0.27     -0.72      0.77     -0.22      0.6       0.0014   -0.94     -0.35    
   0.66      0.73     -0.18      0.75     -0.6       0.27      0.088    -0.31     -0.95    
   0.64      0.6       0.49      0.77     -0.49     -0.4       5.6e-05   0.63     -0.77    
   0.64      0.59     -0.5       0.77     -0.49      0.41      5.6e-05  -0.65     -0.76    
   0.64      0.72      0.29      0.77     -0.59     -0.24      5.6e-05   0.38     -0.93    
   0.64      0.76      0.1       0.77     -0.63     -0.081     0.0017    0.13     -0.99    
   0.63      0.55     -0.55      0.78     -0.44      0.45      0.0034   -0.71     -0.7     
   0.63     -0.67     -0.38      0.77      0.55      0.31     -0.00064  -0.49      0.87    
   0.6       0.69     -0.41      0.8      -0.57      0.21     -0.083    -0.45     -0.89    
   0.64      0.69      0.34      0.77     -0.57     -0.28      5.6e-05   0.44     -0.9     
   0.64      0.49     -0.6       0.77     -0.4       0.49      5.6e-05  -0.77     -0.63    
   0.64      0.77      0.093     0.77     -0.63     -0.077     5.6e-05   0.12     -0.99    

XANCHOR
  -2.2      -0.73      0.014   
  -2.1      -0.59      0.13    
  -2.1      -0.55      0.33    
  -2.2      -0.41      0.12    
  -2.1      -0.58      0.13    
  -2.1      -0.56      0.035   
  -2.2      -0.53      0.13    
  -2.1      -0.59      0.26    
  -2.3      -0.87      0.13    
  -2.3      -0.87      0.34    
  -2.5      -0.77      0.17    
  -2.3      -0.88      0.13    
  -2.3      -0.84      0.04    
  -2.4      -0.81      0.15    
  -2.3      -0.89      0.25    

XAXIS
   0         0         1       
  -0.64     -0.77     -5.6e-05 
  -0.64     -0.77     -5.6e-05 
  -0.64     -0.77     -5.6e-05 
  -0.64     -0.77     -5.6e-05 
  -0.64     -0.77     -5.6e-05 
  -0.64     -0.77     -5.6e-05 
  -0.64     -0.77     -5.6e-05 
   0.64      0.77      5.6e-05 
   0.64      0.77      5.6e-05 
   0.64      0.77      5.6e-05 
   0.64      0.77      5.6e-05 
   0.64      0.77      5.6e-05 
   0.64      0.77      5.6e-05 
   0.64      0.77      5.6e-05 

GEOM_XPOS
   0         0         0       
  -2.2      -0.73      0.16    
  -2.1      -0.58      0.21    
  -2.2      -0.49      0.23    
  -2.2      -0.42      0.12    
  -2.1      -0.59      0.11    
  -2.1      -0.55      0.08    
  -2.1      -0.55      0.19    
  -2.1      -0.59      0.31    
  -2.3      -0.86      0.22    
  -2.4      -0.8       0.26    
  -2.5      -0.76      0.17    
  -2.3      -0.87      0.11    
  -2.4      -0.82      0.094   
  -2.3      -0.85      0.2     
  -2.3      -0.89      0.31    

GEOM_XMAT
   1         0         0         0         1         0         0         0         1       
   0.64     -0.77     -0.075     0.77      0.64      0.0097    0.04     -0.064     1       
   0.63      0.72      0.29      0.78     -0.58     -0.24     -0.0037    0.37     -0.93    
   0.64      0.62     -0.45      0.77     -0.53      0.37     -0.0043   -0.58     -0.81    
   0.64      0.31     -0.71      0.77     -0.26      0.58      0.002    -0.91     -0.4     
   0.66      0.73     -0.18      0.75     -0.6       0.28      0.098    -0.32     -0.94    
   0.64      0.6       0.49      0.77     -0.49     -0.4       5.6e-05   0.63     -0.77    
   0.64      0.59     -0.5       0.77     -0.48      0.41      5.6e-05  -0.65     -0.76    
   0.64      0.72      0.29      0.77     -0.59     -0.24      5.6e-05   0.38     -0.93    
   0.64      0.76      0.092     0.77     -0.64     -0.075     0.0017    0.12     -0.99    
   0.63      0.54     -0.56      0.78     -0.43      0.46      0.0062   -0.72     -0.69    
   0.63     -0.65     -0.42      0.77      0.53      0.35     -0.0011   -0.55      0.84    
   0.6       0.69     -0.41      0.8      -0.57      0.21     -0.092    -0.45     -0.89    
   0.64      0.69      0.34      0.77     -0.57     -0.28      5.6e-05   0.44     -0.9     
   0.64      0.49     -0.6       0.77     -0.4       0.49      5.6e-05  -0.78     -0.63    
   0.64      0.77      0.093     0.77     -0.63     -0.077     5.6e-05   0.12     -0.99    

SITE_XPOS
  -2.2      -0.73      0.014   
  -2.1      -0.56      0.22    
  -2.1      -0.57      0.36    
  -2.1      -0.56      0.22    
  -2.1      -0.57      0.36    
  -2.3      -0.87      0.23    
  -2.3      -0.89      0.37    
  -2.3      -0.87      0.23    
  -2.3      -0.89      0.37    

SITE_XMAT
   0.77      0.64     -0.00036  -0.64      0.77      0.00023   0.00042   5.6e-05   1       
   0.23      0.64      0.74     -0.19      0.77     -0.61     -0.96      5.6e-05   0.3     
  -0.16      0.64      0.75      0.13      0.77     -0.62     -0.98      5.6e-05  -0.21    
  -0.16      0.64      0.75      0.13      0.77     -0.62     -0.98      5.6e-05  -0.21    
   0.23      0.64      0.74     -0.19      0.77     -0.61     -0.96      5.6e-05   0.3     
   0.028     0.64      0.77     -0.023     0.77     -0.64     -1         5.6e-05   0.036   
  -0.3       0.64      0.71      0.24      0.77     -0.59     -0.92      5.6e-05  -0.38    
  -0.3       0.64      0.71      0.24      0.77     -0.59     -0.92      5.6e-05  -0.38    
   0.028     0.64      0.77     -0.023     0.77     -0.64     -1         5.6e-05   0.036   

LIGHT_XPOS
   0         0         1.5     

LIGHT_XDIR
   0         0        -1       

SUBTREE_COM
  -2.2      -0.72      0.19    
  -2.2      -0.72      0.19    
  -2.2      -0.51      0.19    
  -2.2      -0.46      0.18    
  -2.2      -0.43      0.12    
  -2.1      -0.57      0.16    
  -2.1      -0.56      0.19    
  -2.1      -0.57      0.23    
  -2.1      -0.59      0.31    
  -2.4      -0.81      0.22    
  -2.4      -0.78      0.21    
  -2.5      -0.76      0.17    
  -2.3      -0.86      0.17    
  -2.3      -0.85      0.2     
  -2.3      -0.87      0.24    
  -2.3      -0.89      0.31    

CDOF
   0         0         0         1         0         0       
   0         0         0         0         1         0       
   0         0         0         0         0         1       
   0.77     -0.64      0.00042  -0.11     -0.13      0.0035  
   0.64      0.77      5.6e-05   0.13     -0.11      0.016   
  -0.00036   0.00023   1        -0.013    -0.01     -2.4e-06 
  -0.64     -0.77     -5.6e-05  -0.045     0.037    -0.016   
  -0.64     -0.77     -5.6e-05   0.11     -0.09      0.065   
  -0.64     -0.77     -5.6e-05  -0.051     0.042     0.21    
  -0.64     -0.77     -5.6e-05  -0.045     0.037    -0.016   
  -0.64     -0.77     -5.6e-05  -0.12      0.098     0.015   
  -0.64     -0.77     -5.6e-05  -0.048     0.039     0.09    
  -0.64     -0.77     -5.6e-05   0.053    -0.043    -0.028   
   0.64      0.77      5.6e-05   0.045    -0.037     0.016   
   0.64      0.77      5.6e-05  -0.12      0.099    -0.0098  
   0.64      0.77      5.6e-05   0.017    -0.014    -0.19    
   0.64      0.77      5.6e-05   0.045    -0.037     0.016   
   0.64      0.77      5.6e-05   0.11     -0.094    -0.029   
   0.64      0.77      5.6e-05   0.032    -0.026    -0.081   
   0.64      0.77      5.6e-05  -0.05      0.042     0.059   

CINERT
   0         0         0         0         0         0         0         0         0         0       
   0.51      0.56      0.51      0.11      0.00017  -0.00012   0.13     -0.1      -0.021     14      
   0.0084    0.0045    0.0096   -0.004    -0.0007   -0.0019    0.03      0.046     0.012     0.33    
   0.015     0.0025    0.013    -0.00024  -0.0009   -0.0016    0.0028    0.054     0.01      0.24    
   0.023     0.0017    0.022     0.0025   -0.00054   0.0048   -0.0082    0.073    -0.016     0.25    
   0.0019    0.0016    0.0022   -0.001     0.00071   0.00086   0.0077    0.0089   -0.0061    0.065   
   0.0014    0.00061   0.0011   -0.00038   0.00027   0.0006    0.0024    0.0057   -0.0037    0.034   
   0.0018    0.00058   0.0021   -0.00077  -7.5e-05   5.8e-05   0.0049    0.0097    1.6e-05   0.058   
   0.0012    0.001     0.0011   -0.00052  -0.00048  -0.00057   0.0041    0.0046    0.0043    0.036   
   0.0083    0.0058    0.01     -0.0047    0.0016    0.0018   -0.035    -0.045     0.014     0.33    
   0.0046    0.012     0.012    -0.0034    0.0025    0.0021   -0.047    -0.02      0.017     0.24    
   0.00084   0.02      0.021    -0.0029   -0.0015   -0.00023  -0.07     -0.01     -0.0055    0.25    
   0.002     0.0016    0.0023   -0.0011   -0.00074  -0.00085  -0.0078   -0.0094   -0.006     0.065   
   0.00072   0.0012    0.0012   -0.00055  -0.00049  -0.00035  -0.0054   -0.0035   -0.0033    0.034   
   0.0012    0.0013    0.0022   -0.00099   1.5e-05   0.00014  -0.008    -0.0077    0.00064   0.058   
   0.0016    0.00079   0.0012   -0.00045   0.00033   0.00074  -0.0026   -0.0061    0.0044    0.036   

ACTUATOR_LENGTH
  -1.3     
  -2.1     
   2.6e+02 
  -11      
  -10      
  -2e+02   

actuator_moment
----------------------
       x              |
          x           |
         x            |
              x       |
                 x    |
                x     |
----------------------

ACTUATOR_MOMENT
     6:  1       
     9:  1       
     8:  1       
    13:  1       
    16:  1       
    15:  1       

CRB
   0         0         0         0         0         0         0         0         0         0       
   0.59      0.61      0.61      0.087     6.2e-05   0.0054    7.7e-15  -1.1e-16  -6.6e-16   16      
   0.046     0.0087    0.045    -0.0018   -0.0021    0.0012    0.024     0.17      0.0053    0.81    
   0.037     0.0042    0.035     0.0023   -0.0014    0.0032   -0.0054    0.13     -0.0064    0.49    
   0.023     0.0017    0.022     0.0025   -0.00054   0.0048   -0.0082    0.073    -0.016     0.25    
   0.0062    0.0038    0.0065   -0.0027    0.00043   0.00094   0.019     0.029    -0.0055    0.19    
   0.0043    0.0022    0.0043   -0.0017   -0.00028   8.5e-05   0.011     0.02      0.00065   0.13    
   0.0029    0.0016    0.0032   -0.0013   -0.00055  -0.00051   0.0089    0.014     0.0044    0.094   
   0.0012    0.001     0.0011   -0.00052  -0.00048  -0.00057   0.0041    0.0046    0.0043    0.036   
   0.014     0.038     0.043    -0.011     0.0025    0.0037   -0.15     -0.076     0.025     0.81    
   0.0054    0.033     0.033    -0.0063    0.00091   0.0019   -0.12     -0.031     0.011     0.49    
   0.00084   0.02      0.021    -0.0029   -0.0015   -0.00023  -0.07     -0.01     -0.0055    0.25    
   0.0055    0.0048    0.007    -0.0031   -0.00089  -0.00031  -0.024    -0.027    -0.0042    0.19    
   0.0035    0.0032    0.0047   -0.002    -0.00015   0.00054  -0.016    -0.017     0.0018    0.13    
   0.0028    0.002     0.0035   -0.0014    0.00034   0.00089  -0.011    -0.014     0.005     0.094   
   0.0016    0.00079   0.0012   -0.00045   0.00033   0.00074  -0.0026   -0.0061    0.0044    0.036   

QM
   16      
   0         16      
   0         0         16      
  -1.8      -2.2       0.056     1       
   2.2      -1.8       0.26      0.0049    1.2     
  -0.21     -0.16     -3.8e-05   0.042    -0.0056    0.61    
  -0.041     0.034    -0.1      -0.021    -0.035     0.0093    0.058   
   0.058    -0.048    -0.054    -0.011    -0.003    -0.015     0.012     0.022   
  -2.3e-05   1.9e-05  -1.4e-05  -2.8e-06  -0.00039   5.9e-06   0.00039   0.00038   0.031   
  -0.0045    0.0037   -0.0068   -0.0012   -0.003     0.001                                   0.032   
  -0.016     0.013    -0.0021   -0.00037  -0.0051    0.0037                                  0.0027    0.0046  
  -0.0078    0.0065    0.0062    0.0011   -0.0026    0.0018                                  0.0015    0.0026    0.0022  
  -0.0015    0.0012   -0.00077  -0.00013  -0.00063   0.00033                                 0.00041   0.00056   0.00033   0.00018 
   0.056    -0.046     0.082    -0.016     0.034     0.013                                                                           0.056   
  -0.05      0.041     0.066    -0.013     0.0029   -0.013                                                                           0.01      0.022   
   1.4e-05  -1.2e-05  -2.7e-05   5.4e-06   0.00038   3.7e-06                                                                         0.00038   0.00038   0.031   
   0.0055   -0.0045    0.0045   -0.00082   0.0031    0.0013                                                                                                        0.032   
   0.016    -0.013    -0.0024    0.00043   0.0052    0.0037                                                                                                        0.0028    0.0048  
   0.0069   -0.0057   -0.0081    0.0015    0.0026    0.0016                                                                                                        0.0016    0.0027    0.0022  
   0.0016   -0.0013    0.00025  -4.3e-05   0.00065   0.00036                                                                                                       0.00042   0.00059   0.00036   0.00018 

M
     0:  16      
     0:  0          1:  16      
     0:  0          1:  0          2:  16      
     0: -1.8        1: -2.2        2:  0.056      3:  1       
     0:  2.2        1: -1.8        2:  0.26       3:  0.0049     4:  1.2     
     0: -0.21       1: -0.16       2: -3.8e-05    3:  0.042      4: -0.0056     5:  0.61    
     0: -0.041      1:  0.034      2: -0.1        3: -0.021      4: -0.035      5:  0.0093     6:  0.058   
     0:  0.058      1: -0.048      2: -0.054      3: -0.011      4: -0.003      5: -0.015      6:  0.012      7:  0.022   
     0: -2.3e-05    1:  1.9e-05    2: -1.4e-05    3: -2.8e-06    4: -0.00039    5:  5.9e-06    6:  0.00039    7:  0.00038    8:  0.031   
     0: -0.0045     1:  0.0037     2: -0.0068     3: -0.0012     4: -0.003      5:  0.001      9:  0.032   
     0: -0.016      1:  0.013      2: -0.0021     3: -0.00037    4: -0.0051     5:  0.0037     9:  0.0027    10:  0.0046  
     0: -0.0078     1:  0.0065     2:  0.0062     3:  0.0011     4: -0.0026     5:  0.0018     9:  0.0015    10:  0.0026    11:  0.0022  
     0: -0.0015     1:  0.0012     2: -0.00077    3: -0.00013    4: -0.00063    5:  0.00033    9:  0.00041   10:  0.00056   11:  0.00033   12:  0.00018 
     0:  0.056      1: -0.046      2:  0.082      3: -0.016      4:  0.034      5:  0.013     13:  0.056   
     0: -0.05       1:  0.041      2:  0.066      3: -0.013      4:  0.0029     5: -0.013     13:  0.01      14:  0.022   
     0:  1.4e-05    1: -1.2e-05    2: -2.7e-05    3:  5.4e-06    4:  0.00038    5:  3.7e-06   13:  0.00038   14:  0.00038   15:  0.031   
     0:  0.0055     1: -0.0045     2:  0.0045     3: -0.00082    4:  0.0031     5:  0.0013    16:  0.032   
     0:  0.016      1: -0.013      2: -0.0024     3:  0.00043    4:  0.0052     5:  0.0037    16:  0.0028    17:  0.0048  
     0:  0.0069     1: -0.0057     2: -0.0081     3:  0.0015     4:  0.0026     5:  0.0016    16:  0.0016    17:  0.0027    18:  0.0022  
     0:  0.0016     1: -0.0013     2:  0.00025    3: -4.3e-05    4:  0.00065    5:  0.00036   16:  0.00042   17:  0.00059   18:  0.00036   19:  0.00018 

QLD
     0:  8.4     
     0: -0.05       1:  8.3     
     0: -0.0068     1:  0.019      2:  15      
     0: -1.8        1: -2.2        2:  0.057      3:  0.97    
     0:  1.8        1: -1.5        2:  0.14       3:  0.0019     4:  1.1     
     0: -0.35       1: -0.29       2:  0.015      3:  0.063      4: -0.013      5:  0.58    
     0: -1.4        1:  1.1        2: -1.5        3: -0.29       4: -0.63       5:  0.33       6:  0.052   
     0:  2.6        1: -2.1        2: -2.4        3: -0.49       4: -0.13       5: -0.68       6:  0.52       7:  0.022   
     0: -0.00072    1:  0.00059    2: -0.00044    3: -9e-05      4: -0.013      5:  0.00019    6:  0.012      7:  0.012      8:  0.031   
     0:  0.15       1: -0.12       2: -0.14       3: -0.025      4:  0.0019     5: -0.036      9:  0.031   
     0: -4.9        1:  4.1        2: -6.3        3: -1.1        4: -1.3        5:  1.2        9:  0.59      10:  0.0012  
     0: -3.3        1:  2.7        2:  5          3:  0.9        4: -0.95       5:  0.78       9:  0.45      10:  1         11:  0.0015  
     0: -8.3        1:  6.8        2: -4.4        3: -0.76       4: -3.6        5:  1.9        9:  2.3       10:  3.2       11:  1.9       12:  0.00018 
     0:  1.5        1: -1.3        2:  1          3: -0.2        4:  0.64       5:  0.38      13:  0.051   
     0: -2.2        1:  1.8        2:  3          3: -0.6        4:  0.13       5: -0.58      13:  0.46      14:  0.022   
     0:  0.00045    1: -0.00037    2: -0.00085    3:  0.00017    4:  0.012      5:  0.00012   13:  0.012     14:  0.012     15:  0.031   
     0: -0.12       1:  0.1        2:  0.16       3: -0.03       4:  0.00099    5: -0.029     16:  0.031   
     0:  5.8        1: -4.8        2:  4.8        3: -0.88       4:  1.4        5:  1.4       16:  0.55      17:  0.0012  
     0:  2.5        1: -2          2: -5.8        3:  1          4:  0.86       5:  0.58      16:  0.49      17:  1         18:  0.0015  
     0:  8.9        1: -7.3        2:  1.4        3: -0.24       4:  3.7        5:  2         16:  2.4       17:  3.3       18:  2         19:  0.00018 

QLDIAGINV
   0.12    
   0.12    
   0.065   
   1       
   0.89    
   1.7     
   19      
   45      
   32      
   33      
   8.4e+02 
   6.5e+02 
   5.7e+03 
   20      
   45      
   32      
   33      
   8.4e+02 
   6.7e+02 
   5.7e+03 

M: inertia structure
----------------------
 x                    |
 xx                   |
 xxx                  |
 xxxx                 |
 xxxxx                |
 xxxxxx               |
 xxxxxxx              |
 xxxxxxxx             |
 xxxxxxxxx            |
 xxxxxx   x           |
 xxxxxx   xx          |
 xxxxxx   xxx         |
 xxxxxx   xxxx        |
 xxxxxx       x       |
 xxxxxx       xx      |
 xxxxxx       xxx     |
 xxxxxx          x    |
 xxxxxx          xx   |
 xxxxxx          xxx  |
 xxxxxx          xxxx |
----------------------

iM: block-diagonal inertia (nnzs are island ids)
----------------------
 0                    |
 00                   |
 000                  |
 0000                 |
 00000                |
 000000               |
 0000000              |
 00000000             |
 000000000            |
 000000   0           |
 000000   00          |
 000000   000         |
 000000   0000        |
 000000       0       |
 000000       00      |
 000000       000     |
 000000          0    |
 000000          00   |
 000000          000  |
 000000          0000 |
----------------------

QH
     0:  8.4     
     0: -0.05       1:  8.3     
     0: -0.0068     1:  0.019      2:  15      
     0: -1.8        1: -2.2        2:  0.057      3:  0.97    
     0:  1.8        1: -1.5        2:  0.14       3:  0.0019     4:  1.1     
     0: -0.35       1: -0.29       2:  0.015      3:  0.063      4: -0.013      5:  0.58    
     0: -1.4        1:  1.1        2: -1.5        3: -0.28       4: -0.63       5:  0.33       6:  0.053   
     0:  2.6        1: -2.1        2: -2.4        3: -0.48       4: -0.13       5: -0.68       6:  0.52       7:  0.022   
     0: -0.00072    1:  0.00059    2: -0.00044    3: -9e-05      4: -0.013      5:  0.00019    6:  0.012      7:  0.012      8:  0.031   
     0:  0.15       1: -0.12       2: -0.14       3: -0.025      4:  0.0013     5: -0.035      9:  0.031   
     0: -4.7        1:  3.9        2: -6.1        3: -1.1        4: -1.3        5:  1.1        9:  0.59      10:  0.0013  
     0: -3.3        1:  2.7        2:  4.7        3:  0.84       4: -0.97       5:  0.78       9:  0.48      10:  1         11:  0.0016  
     0: -7.4        1:  6.1        2: -3.9        3: -0.68       4: -3.2        5:  1.7        9:  2.1       10:  2.9       11:  1.7       12:  0.0002  
     0:  1.5        1: -1.3        2:  1          3: -0.2        4:  0.64       5:  0.38      13:  0.051   
     0: -2.2        1:  1.8        2:  3          3: -0.6        4:  0.13       5: -0.58      13:  0.46      14:  0.022   
     0:  0.00045    1: -0.00037    2: -0.00085    3:  0.00017    4:  0.012      5:  0.00012   13:  0.012     14:  0.012     15:  0.031   
     0: -0.12       1:  0.1        2:  0.17       3: -0.03       4:  0.0016     5: -0.029     16:  0.031   
     0:  5.6        1: -4.6        2:  4.7        3: -0.85       4:  1.4        5:  1.3       16:  0.55      17:  0.0013  
     0:  2.5        1: -2.1        2: -5.5        3:  0.98       4:  0.9        5:  0.6       16:  0.52      17:  1.1       18:  0.0016  
     0:  8          1: -6.6        2:  1.3        3: -0.22       4:  3.3        5:  1.8       16:  2.1       17:  3         18:  1.8       19:  0.0002  

QHDIAGINV
   0.12    
   0.12    
   0.065   
   1       
   0.89    
   1.7     
   19      
   45      
   32      
   32      
   8e+02   
   6.2e+02 
   5.1e+03 
   20      
   45      
   32      
   32      
   8e+02   
   6.3e+02 
   5.1e+03 

TREE_AWAKE
  1

BODY_AWAKE
  -1 1 1 1 1 1 1 1 1 1 1 1 1 1 1 1

BODY_AWAKE_IND
  0 1 2 3 4 5 6 7 8 9 10 11 12 13 14 15

PARENT_AWAKE_IND
  1 2 3 4 5 6 7 8 9 10 11 12 13 14 15

DOF_AWAKE_IND
  0 1 2 3 4 5 6 7 8 9 10 11 12 13 14 15 16 17 18 19

CONTACT
  0:
     dim           3
     geoms         floor : 1
     exclude       0
     efc_address   26
     solref         0.02      1       
     solimp         0.9       0.95      0.001     0.5       2       
     dist          -0.00037 
     includemargin  0       
     pos           -2.5      -0.65     -0.00018 
     frame          0         0         1         0         1         0        -1         0         0       
     friction       1         1         0.005     0.0001    0.0001  
     mu             1       
     force          87        2.6      -2         0         0         0       
  1:
     dim           3
     geoms         floor : 1
     exclude       0
     efc_address   30
     solref         0.02      1       
     solimp         0.9       0.95      0.001     0.5       2       
     dist          -0.00019 
     includemargin  0       
     pos           -1.9      -0.82     -9.3e-05 
     frame          0         0         1         0         1         0        -1         0         0       
     friction       1         1         0.005     0.0001    0.0001  
     mu             1       
     force          72        1.1      -1.4       0         0         0       
  2:
     dim           3
     geoms         floor : 1
     exclude       0
     efc_address   34
     solref         0.02      1       
     solimp         0.9       0.95      0.001     0.5       2       
     dist          -0.00015 
     includemargin  0       
     pos           -2.1      -0.99     -7.4e-05 
     frame          0         0         1         0         1         0        -1         0         0       
     friction       1         1         0.005     0.0001    0.0001  
     mu             1       
     force          2.1       1.2      -0.95      0         0         0       
  3:
     dim           3
     geoms         1 : 6
     exclude       0
     efc_address   38
     solref         0.02      1       
     solimp         0.9       0.95      0.001     0.5       2       
     dist          -0.00032 
     includemargin  0       
     pos           -2.1      -0.56      0.097   
     frame          0.55      0.83     -0.088     0.048     0.074     1         0.84     -0.55      0       
     friction       1         1         0.005     0.0001    0.0001  
     mu             1       
     force          7.2       0.44     -0.15      0         0         0       
  4:
     dim           3
     geoms         1 : 13
     exclude       0
     efc_address   42
     solref         0.02      1       
     solimp         0.9       0.95      0.001     0.5       2       
     dist          -0.0019  
     includemargin  0       
     pos           -2.3      -0.83      0.1     
     frame         -0.73     -0.69     -0.06     -0.044    -0.041     1        -0.69      0.73      0       
     friction       1         1         0.005     0.0001    0.0001  
     mu             1       
     force          87        1.2       0.08      0         0         0       
  5:
     dim           3
     geoms         2 : 5
     exclude       0
     efc_address   46
     solref         0.02      1       
     solimp         0.9       0.95      0.001     0.5       2       
     dist          -0.017   
     includemargin  0       
     pos           -2.1      -0.61      0.15    
     frame          0.64      0.77      5.6e-05  -3.5e-05  -4.3e-05   1         0.77     -0.64     -6.8e-21 
     friction       1         1         0.005     0.0001    0.0001  
     mu             1       
     force          2.9e+03   0.097    -0.15      0         0         0       
  6:
     dim           3
     geoms         2 : 5
     exclude       0
     efc_address   50
     solref         0.02      1       
     solimp         0.9       0.95      0.001     0.5       2       
     dist          -0.017   
     includemargin  0       
     pos           -2.1      -0.6       0.11    
     frame          0.64      0.77      5.6e-05  -3.5e-05  -4.3e-05   1         0.77     -0.64     -6.8e-21 
     friction       1         1         0.005     0.0001    0.0001  
     mu             1       
     force          2.9e+03  -0.011     0.18      0         0         0       
  7:
     dim           3
     geoms         2 : 5
     exclude       0
     efc_address   54
     solref         0.02      1       
     solimp         0.9       0.95      0.001     0.5       2       
     dist          -0.017   
     includemargin  0       
     pos           -2.1      -0.61      0.13    
     frame          0.64      0.77      5.6e-05  -3.5e-05  -4.3e-05   1         0.77     -0.64     -6.8e-21 
     friction       1         1         0.005     0.0001    0.0001  
     mu             1       
     force          2.9e+03   0.18      0.0094    0         0         0       
  8:
     dim           3
     geoms         2 : 5
     exclude       0
     efc_address   58
     solref         0.02      1       
     solimp         0.9       0.95      0.001     0.5       2       
     dist          -0.017   
     includemargin  0       
     pos           -2.1      -0.59      0.13    
     frame          0.64      0.77      5.6e-05  -3.5e-05  -4.3e-05   1         0.77     -0.64     -6.8e-21 
     friction       1         1         0.005     0.0001    0.0001  
     mu             1       
     force          2.9e+03  -0.18     -0.0094    0         0         0       
  9:
     dim           3
     geoms         2 : 8
     exclude       0
     efc_address   62
     solref         0.02      1       
     solimp         0.9       0.95      0.001     0.5       2       
     dist          -0.0013  
     includemargin  0       
     pos           -2.1      -0.6       0.25    
     frame          0.63     -0.52      0.58     -0.44      0.37      0.82     -0.64     -0.77      2.8e-17 
     friction       1         1         0.005     0.0001    0.0001  
     mu             1       
     force          5.6       0.012     8.4e-07   0         0         0       
  10:
     dim           3
     geoms         2 : 8
     exclude       0
     efc_address   66
     solref         0.02      1       
     solimp         0.9       0.95      0.001     0.5       2       
     dist          -0.0013  
     includemargin  0       
     pos           -2.1      -0.6       0.25    
     frame          0.63     -0.52      0.58     -0.44      0.37      0.82     -0.64     -0.77      2.8e-17 
     friction       1         1         0.005     0.0001    0.0001  
     mu             1       
     force          5.6       0.012     8.4e-07   0         0         0       
  11:
     dim           3
     geoms         9 : 12
     exclude       0
     efc_address   70
     solref         0.02      1       
     solimp         0.9       0.95      0.001     0.5       2       
     dist          -0.017   
     includemargin  0       
     pos           -2.3      -0.86      0.15    
     frame         -0.64     -0.77     -5.6e-05  -3.5e-05  -4.3e-05   1        -0.77      0.64     -3.4e-21 
     friction       1         1         0.005     0.0001    0.0001  
     mu             1       
     force          2.8e+03  -0.24      0.73      0         0         0       
  12:
     dim           3
     geoms         9 : 12
     exclude       0
     efc_address   74
     solref         0.02      1       
     solimp         0.9       0.95      0.001     0.5       2       
     dist          -0.017   
     includemargin  0       
     pos           -2.3      -0.87      0.11    
     frame         -0.64     -0.77     -5.6e-05  -3.5e-05  -4.3e-05   1        -0.77      0.64     -3.4e-21 
     friction       1         1         0.005     0.0001    0.0001  
     mu             1       
     force          2.8e+03   0.24     -0.73      0         0         0       
  13:
     dim           3
     geoms         9 : 12
     exclude       0
     efc_address   78
     solref         0.02      1       
     solimp         0.9       0.95      0.001     0.5       2       
     dist          -0.017   
     includemargin  0       
     pos           -2.3      -0.85      0.12    
     frame         -0.64     -0.77     -5.6e-05  -3.5e-05  -4.3e-05   1        -0.77      0.64     -3.4e-21 
     friction       1         1         0.005     0.0001    0.0001  
     mu             1       
     force          2.8e+03  -0.73     -0.24      0         0         0       
  14:
     dim           3
     geoms         9 : 12
     exclude       0
     efc_address   82
     solref         0.02      1       
     solimp         0.9       0.95      0.001     0.5       2       
     dist          -0.017   
     includemargin  0       
     pos           -2.3      -0.87      0.14    
     frame         -0.64     -0.77     -5.6e-05  -3.5e-05  -4.3e-05   1        -0.77      0.64     -3.4e-21 
     friction       1         1         0.005     0.0001    0.0001  
     mu             1       
     force          2.8e+03   0.73      0.24      0         0         0       
  15:
     dim           3
     geoms         9 : 15
     exclude       0
     efc_address   86
     solref         0.02      1       
     solimp         0.9       0.95      0.001     0.5       2       
     dist          -0.0015  
     includemargin  0       
     pos           -2.3      -0.88      0.25    
     frame          0.73     -0.6       0.34     -0.26      0.22      0.94     -0.64     -0.77      0       
     friction       1         1         0.005     0.0001    0.0001  
     mu             1       
     force          6.2       0.035     2.1e-06   0         0         0       

EFC_TYPE
  0
  0
  0
  0
  0
  0
  0
  0
  0
  0
  0
  0
  1
  1
  1
  1
  1
  1
  1
  1
  1
  1
  1
  1
  1
  1
  6
  6
  6
  6
  6
  6
  6
  6
  6
  6
  6
  6
  6
  6
  6
  6
  6
  6
  6
  6
  6
  6
  6
  6
  6
  6
  6
  6
  6
  6
  6
  6
  6
  6
  6
  6
  6
  6
  6
  6
  6
  6
  6
  6
  6
  6
  6
  6
  6
  6
  6
  6
  6
  6
  6
  6
  6
  6
  6
  6
  6
  6
  6
  6

EFC_ID
  0
  0
  0
  1
  1
  1
  2
  2
  2
  3
  3
  3
  6
  7
  8
  9
  10
  11
  12
  13
  14
  15
  16
  17
  18
  19
  0
  0
  0
  0
  1
  1
  1
  1
  2
  2
  2
  2
  3
  3
  3
  3
  4
  4
  4
  4
  5
  5
  5
  5
  6
  6
  6
  6
  7
  7
  7
  7
  8
  8
  8
  8
  9
  9
  9
  9
  10
  10
  10
  10
  11
  11
  11
  11
  12
  12
  12
  12
  13
  13
  13
  13
  14
  14
  14
  14
  15
  15
  15
  15

EFC_J
   0         0         0        -2.5e-06   3e-06     2.5e-07   0.072     0         0        -0.072    -0.14     -0.074     0         0         0         0         0         0         0         0       
   0         0         0        -3e-06    -2.5e-06   3.1e-07  -0.059     0         0         0.059     0.12      0.061     0         0         0         0         0         0         0         0       
   0         0         0        -2.2e-10  -4e-07     2.2e-11   0.038     0         0        -0.038    -0.0063    0.069     0         0         0         0         0         0         0         0       
   0         0         0         2.8e-06  -3.4e-06   1.1e-06   0.18      0.026     0        -0.18     -0.25     -0.18     -0.082     0         0         0         0         0         0         0       
   0         0         0         3.4e-06   2.8e-06   1.4e-06  -0.15     -0.022     0         0.15      0.21      0.15      0.068     0         0         0         0         0         0         0       
   0         0         0         2.5e-10  -1.8e-06   9.9e-11   0.031    -0.049     0        -0.031    -3.9e-05   0.075    -0.043     0         0         0         0         0         0         0       
   0         0         0        -2.3e-06   2.8e-06  -4.6e-07   0         0         0         0         0         0         0        -0.077     0         0         0.077     0.15      0.064     0       
   0         0         0        -2.8e-06  -2.3e-06  -5.6e-07   0         0         0         0         0         0         0         0.063     0         0        -0.063    -0.12     -0.052     0       
   0         0         0        -2e-10     7.3e-07  -4e-11     0         0         0         0         0         0         0        -0.012     0         0         0.012    -0.033    -0.085     0       
   0         0         0         4.2e-06  -5.1e-06   5.1e-07   0         0         0         0         0         0         0        -0.18     -0.019     0         0.18      0.25      0.17      0.088   
   0         0         0         5.1e-06   4.2e-06   6.2e-07   0         0         0         0         0         0         0         0.15      0.016     0        -0.15     -0.21     -0.14     -0.073   
   0         0         0         3.7e-10  -8.1e-07   4.5e-11   0         0         0         0         0         0         0         0.029     0.055     0        -0.029    -0.074    -0.13      0.014   
   0         0         0         0         0         0         1         0         0         0         0         0         0         0         0         0         0         0         0         0       
   0         0         0         0         0         0         0         1         0         0         0         0         0         0         0         0         0         0         0         0       
   0         0         0         0         0         0         0         0         1         0         0         0         0         0         0         0         0         0         0         0       
   0         0         0         0         0         0         0         0         0         1         0         0         0         0         0         0         0         0         0         0       
   0         0         0         0         0         0         0         0         0         0         1         0         0         0         0         0         0         0         0         0       
   0         0         0         0         0         0         0         0         0         0         0         1         0         0         0         0         0         0         0         0       
   0         0         0         0         0         0         0         0         0         0         0         0         1         0         0         0         0         0         0         0       
   0         0         0         0         0         0         0         0         0         0         0         0         0         1         0         0         0         0         0         0       
   0         0         0         0         0         0         0         0         0         0         0         0         0         0         1         0         0         0         0         0       
   0         0         0         0         0         0         0         0         0         0         0         0         0         0         0         1         0         0         0         0       
   0         0         0         0         0         0         0         0         0         0         0         0         0         0         0         0         1         0         0         0       
   0         0         0         0         0         0         0         0         0         0         0         0         0         0         0         0         0         1         0         0       
   0         0         0         0         0         0         0         0         0         0         0         0         0         0         0         0         0         0         1         0       
   0         0         0         0         0         0         0         0         0         0         0         0         0         0         0         0         0         0         0         1       
   0         1         1        -0.099     0.27     -0.27      0         0         0         0         0         0         0         0         0         0         0         0         0         0       
   0        -1         1        -0.12      0.25      0.27      0         0         0         0         0         0         0         0         0         0         0         0         0         0       
  -1         0         1        -0.12      0.27      0.082     0         0         0         0         0         0         0         0         0         0         0         0         0         0       
   1         0         1        -0.1       0.25     -0.082     0         0         0         0         0         0         0         0         0         0         0         0         0         0       
   0         1         1         0.12     -0.26      0.28      0         0         0         0         0         0         0         0         0         0         0         0         0         0       
   0        -1         1         0.099    -0.28     -0.28      0         0         0         0         0         0         0         0         0         0         0         0         0         0       
  -1         0         1         0.1      -0.26     -0.088     0         0         0         0         0         0         0         0         0         0         0         0         0         0       
   1         0         1         0.12     -0.28      0.088     0         0         0         0         0         0         0         0         0         0         0         0         0         0       
   0         1         1        -0.1      -0.25      0.13      0         0         0         0         0         0         0         0         0         0         0         0         0         0       
   0        -1         1        -0.12     -0.27     -0.13      0         0         0         0         0         0         0         0         0         0         0         0         0         0       
  -1         0         1        -0.12     -0.25     -0.26      0         0         0         0         0         0         0         0         0         0         0         0         0         0       
   1         0         1        -0.11     -0.27      0.26      0         0         0         0         0         0         0         0         0         0         0         0         0         0       
   0         0         0         0         0         0         0         0         0        -0.062    -0.023     0         0         0         0         0         0         0         0         0       
   0         0         0         0         0         0         0         0         0         0.067     0.042     0         0         0         0         0         0         0         0         0       
   0         0         0         0         0         0         0         0         0         0.035    -0.052     0         0         0         0         0         0         0         0         0       
   0         0         0         0         0         0         0         0         0        -0.031     0.071     0         0         0         0         0         0         0         0         0       
   0         0         0         0         0         0         0         0         0         0         0         0         0         0         0         0         0.06      0.0056    0         0       
   0         0         0         0         0         0         0         0         0         0         0         0         0         0         0         0        -0.06     -0.022     0         0       
   0         0         0         0         0         0         0         0         0         0         0         0         0         0         0         0         0.029    -0.068     0         0       
   0         0         0         0         0         0         0         0         0         0         0         0         0         0         0         0        -0.029     0.051     0         0       
   0         0         0         0         0         0        -0.011     0         0         0.011     0         0         0         0         0         0         0         0         0         0       
   0         0         0         0         0         0         0.011     0         0        -0.011     0         0         0         0         0         0         0         0         0         0       
   0         0         0         0         0         0         0.017     0         0        -0.017     0         0         0         0         0         0         0         0         0         0       
   0         0         0         0         0         0        -0.017     0         0         0.017     0         0         0         0         0         0         0         0         0         0       
   0         0         0         0         0         0         0.0012    0         0        -0.0012    0         0         0         0         0         0         0         0         0         0       
   0         0         0         0         0         0        -0.0012    0         0         0.0012    0         0         0         0         0         0         0         0         0         0       
   0         0         0         0         0         0        -0.02      0         0         0.02      0         0         0         0         0         0         0         0         0         0       
   0         0         0         0         0         0         0.02      0         0        -0.02      0         0         0         0         0         0         0         0         0         0       
   0         0         0         0         0         0        -0.02      0         0         0.02      0         0         0         0         0         0         0         0         0         0       
   0         0         0         0         0         0         0.02      0         0        -0.02      0         0         0         0         0         0         0         0         0         0       
   0         0         0         0         0         0        -0.001     0         0         0.001     0         0         0         0         0         0         0         0         0         0       
   0         0         0         0         0         0         0.001     0         0        -0.001     0         0         0         0         0         0         0         0         0         0       
   0         0         0         0         0         0         0.02      0         0        -0.02      0         0         0         0         0         0         0         0         0         0       
   0         0         0         0         0         0        -0.02      0         0         0.02      0         0         0         0         0         0         0         0         0         0       
   0         0         0         0         0         0         0.001     0         0        -0.001     0         0         0         0         0         0         0         0         0         0       
   0         0         0         0         0         0        -0.001     0         0         0.001     0         0         0         0         0         0         0         0         0         0       
   0         0         0         0         0         0         0.028     0         0        -0.028    -0.007     0.12     -0.013     0         0         0         0         0         0         0       
   0         0         0         0         0         0         0.17      0         0        -0.17     -0.31     -0.2       0.012     0         0         0         0         0         0         0       
   0         0         0         0         0         0         0.097     0         0        -0.097    -0.16     -0.039    -0.00054   0         0         0         0         0         0         0       
   0         0         0         0         0         0         0.097     0         0        -0.097    -0.16     -0.039    -0.00054   0         0         0         0         0         0         0       
   0         0         0         0         0         0         0.028     0         0        -0.028    -0.007     0.12     -0.013     0         0         0         0         0         0         0       
   0         0         0         0         0         0         0.17      0         0        -0.17     -0.31     -0.2       0.012     0         0         0         0         0         0         0       
   0         0         0         0         0         0         0.097     0         0        -0.097    -0.16     -0.039    -0.00054   0         0         0         0         0         0         0       
   0         0         0         0         0         0         0.097     0         0        -0.097    -0.16     -0.039    -0.00054   0         0         0         0         0         0         0       
   0         0         0         0         0         0         0         0         0         0         0         0         0        -0.0063    0         0         0.0063    0         0         0       
   0         0         0         0         0         0         0         0         0         0         0         0         0         0.0063    0         0        -0.0063    0         0         0       
   0         0         0         0         0         0         0         0         0         0         0         0         0         0.019     0         0        -0.019     0         0         0       
   0         0         0         0         0         0         0         0         0         0         0         0         0        -0.019     0         0         0.019     0         0         0       
   0         0         0         0         0         0         0         0         0         0         0         0         0         0.0063    0         0        -0.0063    0         0         0       
   0         0         0         0         0         0         0         0         0         0         0         0         0        -0.0063    0         0         0.0063    0         0         0       
   0         0         0         0         0         0         0         0         0         0         0         0         0        -0.019     0         0         0.019     0         0         0       
   0         0         0         0         0         0         0         0         0         0         0         0         0         0.019     0         0        -0.019     0         0         0       
   0         0         0         0         0         0         0         0         0         0         0         0         0        -0.019     0         0         0.019     0         0         0       
   0         0         0         0         0         0         0         0         0         0         0         0         0         0.019     0         0        -0.019     0         0         0       
   0         0         0         0         0         0         0         0         0         0         0         0         0        -0.0061    0         0         0.0061    0         0         0       
   0         0         0         0         0         0         0         0         0         0         0         0         0         0.0061    0         0        -0.0061    0         0         0       
   0         0         0         0         0         0         0         0         0         0         0         0         0         0.019     0         0        -0.019     0         0         0       
   0         0         0         0         0         0         0         0         0         0         0         0         0        -0.019     0         0         0.019     0         0         0       
   0         0         0         0         0         0         0         0         0         0         0         0         0         0.0061    0         0        -0.0061    0         0         0       
   0         0         0         0         0         0         0         0         0         0         0         0         0        -0.0061    0         0         0.0061    0         0         0       
   0         0         0         0         0         0         0         0         0         0         0         0         0        -0.033     0         0         0.033     0.028    -0.1       0.013   
   0         0         0         0         0         0         0         0         0         0         0         0         0        -0.17      0         0         0.17      0.31      0.21     -0.012   
   0         0         0         0         0         0         0         0         0         0         0         0         0        -0.1       0         0         0.1       0.17      0.053     0.00054 
   0         0         0         0         0         0         0         0         0         0         0         0         0        -0.1       0         0         0.1       0.17      0.053     0.00054 

IEFC_J
   0         0         0        -2.5e-06   3e-06     2.5e-07   0.072     0         0        -0.072    -0.14     -0.074     0         0         0         0         0         0         0         0       
   0         0         0        -3e-06    -2.5e-06   3.1e-07  -0.059     0         0         0.059     0.12      0.061     0         0         0         0         0         0         0         0       
   0         0         0        -2.2e-10  -4e-07     2.2e-11   0.038     0         0        -0.038    -0.0063    0.069     0         0         0         0         0         0         0         0       
   0         0         0         2.8e-06  -3.4e-06   1.1e-06   0.18      0.026     0        -0.18     -0.25     -0.18     -0.082     0         0         0         0         0         0         0       
   0         0         0         3.4e-06   2.8e-06   1.4e-06  -0.15     -0.022     0         0.15      0.21      0.15      0.068     0         0         0         0         0         0         0       
   0         0         0         2.5e-10  -1.8e-06   9.9e-11   0.031    -0.049     0        -0.031    -3.9e-05   0.075    -0.043     0         0         0         0         0         0         0       
   0         0         0        -2.3e-06   2.8e-06  -4.6e-07   0         0         0         0         0         0         0        -0.077     0         0         0.077     0.15      0.064     0       
   0         0         0        -2.8e-06  -2.3e-06  -5.6e-07   0         0         0         0         0         0         0         0.063     0         0        -0.063    -0.12     -0.052     0       
   0         0         0        -2e-10     7.3e-07  -4e-11     0         0         0         0         0         0         0        -0.012     0         0         0.012    -0.033    -0.085     0       
   0         0         0         4.2e-06  -5.1e-06   5.1e-07   0         0         0         0         0         0         0        -0.18     -0.019     0         0.18      0.25      0.17      0.088   
   0         0         0         5.1e-06   4.2e-06   6.2e-07   0         0         0         0         0         0         0         0.15      0.016     0        -0.15     -0.21     -0.14     -0.073   
   0         0         0         3.7e-10  -8.1e-07   4.5e-11   0         0         0         0         0         0         0         0.029     0.055     0        -0.029    -0.074    -0.13      0.014   
   0         0         0         0         0         0         1         0         0         0         0         0         0         0         0         0         0         0         0         0       
   0         0         0         0         0         0         0         1         0         0         0         0         0         0         0         0         0         0         0         0       
   0         0         0         0         0         0         0         0         1         0         0         0         0         0         0         0         0         0         0         0       
   0         0         0         0         0         0         0         0         0         1         0         0         0         0         0         0         0         0         0         0       
   0         0         0         0         0         0         0         0         0         0         1         0         0         0         0         0         0         0         0         0       
   0         0         0         0         0         0         0         0         0         0         0         1         0         0         0         0         0         0         0         0       
   0         0         0         0         0         0         0         0         0         0         0         0         1         0         0         0         0         0         0         0       
   0         0         0         0         0         0         0         0         0         0         0         0         0         1         0         0         0         0         0         0       
   0         0         0         0         0         0         0         0         0         0         0         0         0         0         1         0         0         0         0         0       
   0         0         0         0         0         0         0         0         0         0         0         0         0         0         0         1         0         0         0         0       
   0         0         0         0         0         0         0         0         0         0         0         0         0         0         0         0         1         0         0         0       
   0         0         0         0         0         0         0         0         0         0         0         0         0         0         0         0         0         1         0         0       
   0         0         0         0         0         0         0         0         0         0         0         0         0         0         0         0         0         0         1         0       
   0         0         0         0         0         0         0         0         0         0         0         0         0         0         0         0         0         0         0         1       
   0         1         1        -0.099     0.27     -0.27      0         0         0         0         0         0         0         0         0         0         0         0         0         0       
   0        -1         1        -0.12      0.25      0.27      0         0         0         0         0         0         0         0         0         0         0         0         0         0       
  -1         0         1        -0.12      0.27      0.082     0         0         0         0         0         0         0         0         0         0         0         0         0         0       
   1         0         1        -0.1       0.25     -0.082     0         0         0         0         0         0         0         0         0         0         0         0         0         0       
   0         1         1         0.12     -0.26      0.28      0         0         0         0         0         0         0         0         0         0         0         0         0         0       
   0        -1         1         0.099    -0.28     -0.28      0         0         0         0         0         0         0         0         0         0         0         0         0         0       
  -1         0         1         0.1      -0.26     -0.088     0         0         0         0         0         0         0         0         0         0         0         0         0         0       
   1         0         1         0.12     -0.28      0.088     0         0         0         0         0         0         0         0         0         0         0         0         0         0       
   0         1         1        -0.1      -0.25      0.13      0         0         0         0         0         0         0         0         0         0         0         0         0         0       
   0        -1         1        -0.12     -0.27     -0.13      0         0         0         0         0         0         0         0         0         0         0         0         0         0       
  -1         0         1        -0.12     -0.25     -0.26      0         0         0         0         0         0         0         0         0         0         0         0         0         0       
   1         0         1        -0.11     -0.27      0.26      0         0         0         0         0         0         0         0         0         0         0         0         0         0       
   0         0         0         0         0         0         0         0         0        -0.062    -0.023     0         0         0         0         0         0         0         0         0       
   0         0         0         0         0         0         0         0         0         0.067     0.042     0         0         0         0         0         0         0         0         0       
   0         0         0         0         0         0         0         0         0         0.035    -0.052     0         0         0         0         0         0         0         0         0       
   0         0         0         0         0         0         0         0         0        -0.031     0.071     0         0         0         0         0         0         0         0         0       
   0         0         0         0         0         0         0         0         0         0         0         0         0         0         0         0         0.06      0.0056    0         0       
   0         0         0         0         0         0         0         0         0         0         0         0         0         0         0         0        -0.06     -0.022     0         0       
   0         0         0         0         0         0         0         0         0         0         0         0         0         0         0         0         0.029    -0.068     0         0       
   0         0         0         0         0         0         0         0         0         0         0         0         0         0         0         0        -0.029     0.051     0         0       
   0         0         0         0         0         0        -0.011     0         0         0.011     0         0         0         0         0         0         0         0         0         0       
   0         0         0         0         0         0         0.011     0         0        -0.011     0         0         0         0         0         0         0         0         0         0       
   0         0         0         0         0         0         0.017     0         0        -0.017     0         0         0         0         0         0         0         0         0         0       
   0         0         0         0         0         0        -0.017     0         0         0.017     0         0         0         0         0         0         0         0         0         0       
   0         0         0         0         0         0         0.0012    0         0        -0.0012    0         0         0         0         0         0         0         0         0         0       
   0         0         0         0         0         0        -0.0012    0         0         0.0012    0         0         0         0         0         0         0         0         0         0       
   0         0         0         0         0         0        -0.02      0         0         0.02      0         0         0         0         0         0         0         0         0         0       
   0         0         0         0         0         0         0.02      0         0        -0.02      0         0         0         0         0         0         0         0         0         0       
   0         0         0         0         0         0        -0.02      0         0         0.02      0         0         0         0         0         0         0         0         0         0       
   0         0         0         0         0         0         0.02      0         0        -0.02      0         0         0         0         0         0         0         0         0         0       
   0         0         0         0         0         0        -0.001     0         0         0.001     0         0         0         0         0         0         0         0         0         0       
   0         0         0         0         0         0         0.001     0         0        -0.001     0         0         0         0         0         0         0         0         0         0       
   0         0         0         0         0         0         0.02      0         0        -0.02      0         0         0         0         0         0         0         0         0         0       
   0         0         0         0         0         0        -0.02      0         0         0.02      0         0         0         0         0         0         0         0         0         0       
   0         0         0         0         0         0         0.001     0         0        -0.001     0         0         0         0         0         0         0         0         0         0       
   0         0         0         0         0         0        -0.001     0         0         0.001     0         0         0         0         0         0         0         0         0         0       
   0         0         0         0         0         0         0.028     0         0        -0.028    -0.007     0.12     -0.013     0         0         0         0         0         0         0       
   0         0         0         0         0         0         0.17      0         0        -0.17     -0.31     -0.2       0.012     0         0         0         0         0         0         0       
   0         0         0         0         0         0         0.097     0         0        -0.097    -0.16     -0.039    -0.00054   0         0         0         0         0         0         0       
   0         0         0         0         0         0         0.097     0         0        -0.097    -0.16     -0.039    -0.00054   0         0         0         0         0         0         0       
   0         0         0         0         0         0         0.028     0         0        -0.028    -0.007     0.12     -0.013     0         0         0         0         0         0         0       
   0         0         0         0         0         0         0.17      0         0        -0.17     -0.31     -0.2       0.012     0         0         0         0         0         0         0       
   0         0         0         0         0         0         0.097     0         0        -0.097    -0.16     -0.039    -0.00054   0         0         0         0         0         0         0       
   0         0         0         0         0         0         0.097     0         0        -0.097    -0.16     -0.039    -0.00054   0         0         0         0         0         0         0       
   0         0         0         0         0         0         0         0         0         0         0         0         0        -0.0063    0         0         0.0063    0         0         0       
   0         0         0         0         0         0         0         0         0         0         0         0         0         0.0063    0         0        -0.0063    0         0         0       
   0         0         0         0         0         0         0         0         0         0         0         0         0         0.019     0         0        -0.019     0         0         0       
   0         0         0         0         0         0         0         0         0         0         0         0         0        -0.019     0         0         0.019     0         0         0       
   0         0         0         0         0         0         0         0         0         0         0         0         0         0.0063    0         0        -0.0063    0         0         0       
   0         0         0         0         0         0         0         0         0         0         0         0         0        -0.0063    0         0         0.0063    0         0         0       
   0         0         0         0         0         0         0         0         0         0         0         0         0        -0.019     0         0         0.019     0         0         0       
   0         0         0         0         0         0         0         0         0         0         0         0         0         0.019     0         0        -0.019     0         0         0       
   0         0         0         0         0         0         0         0         0         0         0         0         0        -0.019     0         0         0.019     0         0         0       
   0         0         0         0         0         0         0         0         0         0         0         0         0         0.019     0         0        -0.019     0         0         0       
   0         0         0         0         0         0         0         0         0         0         0         0         0        -0.0061    0         0         0.0061    0         0         0       
   0         0         0         0         0         0         0         0         0         0         0         0         0         0.0061    0         0        -0.0061    0         0         0       
   0         0         0         0         0         0         0         0         0         0         0         0         0         0.019     0         0        -0.019     0         0         0       
   0         0         0         0         0         0         0         0         0         0         0         0         0        -0.019     0         0         0.019     0         0         0       
   0         0         0         0         0         0         0         0         0         0         0         0         0         0.0061    0         0        -0.0061    0         0         0       
   0         0         0         0         0         0         0         0         0         0         0         0         0        -0.0061    0         0         0.0061    0         0         0       
   0         0         0         0         0         0         0         0         0         0         0         0         0        -0.033     0         0         0.033     0.028    -0.1       0.013   
   0         0         0         0         0         0         0         0         0         0         0         0         0        -0.17      0         0         0.17      0.31      0.21     -0.012   
   0         0         0         0         0         0         0         0         0         0         0         0         0        -0.1       0         0         0.1       0.17      0.053     0.00054 
   0         0         0         0         0         0         0         0         0         0         0         0         0        -0.1       0         0         0.1       0.17      0.053     0.00054 

EFC_POS
   3.1e-07 
  -2.5e-07 
   3.9e-06 
   1.4e-06 
  -1.1e-06 
  -4.4e-06 
  -5.6e-07 
   4.6e-07 
   3.6e-06 
   6.3e-07 
  -5.2e-07 
  -6.6e-06 
   0       
   0       
   0       
   0       
   0       
   0       
   0       
   0       
   0       
   0       
   0       
   0       
   0       
   0       
  -0.00037 
  -0.00037 
  -0.00037 
  -0.00037 
  -0.00019 
  -0.00019 
  -0.00019 
  -0.00019 
  -0.00015 
  -0.00015 
  -0.00015 
  -0.00015 
  -0.00032 
  -0.00032 
  -0.00032 
  -0.00032 
  -0.0019  
  -0.0019  
  -0.0019  
  -0.0019  
  -0.017   
  -0.017   
  -0.017   
  -0.017   
  -0.017   
  -0.017   
  -0.017   
  -0.017   
  -0.017   
  -0.017   
  -0.017   
  -0.017   
  -0.017   
  -0.017   
  -0.017   
  -0.017   
  -0.0013  
  -0.0013  
  -0.0013  
  -0.0013  
  -0.0013  
  -0.0013  
  -0.0013  
  -0.0013  
  -0.017   
  -0.017   
  -0.017   
  -0.017   
  -0.017   
  -0.017   
  -0.017   
  -0.017   
  -0.017   
  -0.017   
  -0.017   
  -0.017   
  -0.017   
  -0.017   
  -0.017   
  -0.017   
  -0.0015  
  -0.0015  
  -0.0015  
  -0.0015  

EFC_MARGIN
   0       
   0       
   0       
   0       
   0       
   0       
   0       
   0       
   0       
   0       
   0       
   0       
   0       
   0       
   0       
   0       
   0       
   0       
   0       
   0       
   0       
   0       
   0       
   0       
   0       
   0       
   0       
   0       
   0       
   0       
   0       
   0       
   0       
   0       
   0       
   0       
   0       
   0       
   0       
   0       
   0       
   0       
   0       
   0       
   0       
   0       
   0       
   0       
   0       
   0       
   0       
   0       
   0       
   0       
   0       
   0       
   0       
   0       
   0       
   0       
   0       
   0       
   0       
   0       
   0       
   0       
   0       
   0       
   0       
   0       
   0       
   0       
   0       
   0       
   0       
   0       
   0       
   0       
   0       
   0       
   0       
   0       
   0       
   0       
   0       
   0       
   0       
   0       
   0       
   0       

EFC_FRICTIONLOSS
   0       
   0       
   0       
   0       
   0       
   0       
   0       
   0       
   0       
   0       
   0       
   0       
   1.8     
   0.4     
   0.19    
   1.8     
   0.15    
   0.15    
   0.15    
   1.8     
   0.4     
   0.19    
   1.8     
   0.15    
   0.15    
   0.15    
   0       
   0       
   0       
   0       
   0       
   0       
   0       
   0       
   0       
   0       
   0       
   0       
   0       
   0       
   0       
   0       
   0       
   0       
   0       
   0       
   0       
   0       
   0       
   0       
   0       
   0       
   0       
   0       
   0       
   0       
   0       
   0       
   0       
   0       
   0       
   0       
   0       
   0       
   0       
   0       
   0       
   0       
   0       
   0       
   0       
   0       
   0       
   0       
   0       
   0       
   0       
   0       
   0       
   0       
   0       
   0       
   0       
   0       
   0       
   0       
   0       
   0       
   0       
   0       

EFC_DIAGA
   5.5     
   5.5     
   5.5     
   12      
   12      
   12      
   5.5     
   5.5     
   5.5     
   12      
   12      
   12      
   23      
   49      
   32      
   33      
   8.1e+02 
   1.8e+03 
   1.2e+04 
   24      
   49      
   32      
   33      
   8.1e+02 
   1.8e+03 
   1.2e+04 
   0.26    
   0.26    
   0.26    
   0.26    
   0.26    
   0.26    
   0.26    
   0.26    
   0.26    
   0.26    
   0.26    
   0.26    
   4.5     
   4.5     
   4.5     
   4.5     
   4.5     
   4.5     
   4.5     
   4.5     
   1.2     
   1.2     
   1.2     
   1.2     
   1.2     
   1.2     
   1.2     
   1.2     
   1.2     
   1.2     
   1.2     
   1.2     
   1.2     
   1.2     
   1.2     
   1.2     
   47      
   47      
   47      
   47      
   47      
   47      
   47      
   47      
   1.2     
   1.2     
   1.2     
   1.2     
   1.2     
   1.2     
   1.2     
   1.2     
   1.2     
   1.2     
   1.2     
   1.2     
   1.2     
   1.2     
   1.2     
   1.2     
   47      
   47      
   47      
   47      

EFC_KBIP
   2.6e+05   1e+03     0.99      0       
   2.6e+05   1e+03     0.99      0       
   2.6e+05   1e+03     0.99      0       
   2.6e+05   1e+03     0.99      0       
   2.6e+05   1e+03     0.99      0       
   2.6e+05   1e+03     0.99      0       
   2.6e+05   1e+03     0.99      0       
   2.6e+05   1e+03     0.99      0       
   2.6e+05   1e+03     0.99      0       
   2.6e+05   1e+03     0.99      0       
   2.6e+05   1e+03     0.99      0       
   2.6e+05   1e+03     0.99      0       
   0         1.1e+02   0.9       0       
   0         1.1e+02   0.9       0       
   0         1.1e+02   0.9       0       
   0         1.1e+02   0.9       0       
   0         1.1e+02   0.9       0       
   0         1.1e+02   0.9       0       
   0         1.1e+02   0.9       0       
   0         1.1e+02   0.9       0       
   0         1.1e+02   0.9       0       
   0         1.1e+02   0.9       0       
   0         1.1e+02   0.9       0       
   0         1.1e+02   0.9       0       
   0         1.1e+02   0.9       0       
   0         1.1e+02   0.9       0       
   2.8e+03   1.1e+02   0.91     -74      
   2.8e+03   1.1e+02   0.91     -74      
   2.8e+03   1.1e+02   0.91     -74      
   2.8e+03   1.1e+02   0.91     -74      
   2.8e+03   1.1e+02   0.9      -37      
   2.8e+03   1.1e+02   0.9      -37      
   2.8e+03   1.1e+02   0.9      -37      
   2.8e+03   1.1e+02   0.9      -37      
   2.8e+03   1.1e+02   0.9      -30      
   2.8e+03   1.1e+02   0.9      -30      
   2.8e+03   1.1e+02   0.9      -30      
   2.8e+03   1.1e+02   0.9      -30      
   2.8e+03   1.1e+02   0.91     -63      
   2.8e+03   1.1e+02   0.91     -63      
   2.8e+03   1.1e+02   0.91     -63      
   2.8e+03   1.1e+02   0.91     -63      
   2.8e+03   1.1e+02   0.95      0       
   2.8e+03   1.1e+02   0.95      0       
   2.8e+03   1.1e+02   0.95      0       
   2.8e+03   1.1e+02   0.95      0       
   2.8e+03   1.1e+02   0.95      0       
   2.8e+03   1.1e+02   0.95      0       
   2.8e+03   1.1e+02   0.95      0       
   2.8e+03   1.1e+02   0.95      0       
   2.8e+03   1.1e+02   0.95      0       
   2.8e+03   1.1e+02   0.95      0       
   2.8e+03   1.1e+02   0.95      0       
   2.8e+03   1.1e+02   0.95      0       
   2.8e+03   1.1e+02   0.95      0       
   2.8e+03   1.1e+02   0.95      0       
   2.8e+03   1.1e+02   0.95      0       
   2.8e+03   1.1e+02   0.95      0       
   2.8e+03   1.1e+02   0.95      0       
   2.8e+03   1.1e+02   0.95      0       
   2.8e+03   1.1e+02   0.95      0       
   2.8e+03   1.1e+02   0.95      0       
   2.8e+03   1.1e+02   0.95      0       
   2.8e+03   1.1e+02   0.95      0       
   2.8e+03   1.1e+02   0.95      0       
   2.8e+03   1.1e+02   0.95      0       
   2.8e+03   1.1e+02   0.95      0       
   2.8e+03   1.1e+02   0.95      0       
   2.8e+03   1.1e+02   0.95      0       
   2.8e+03   1.1e+02   0.95      0       
   2.8e+03   1.1e+02   0.95      0       
   2.8e+03   1.1e+02   0.95      0       
   2.8e+03   1.1e+02   0.95      0       
   2.8e+03   1.1e+02   0.95      0       
   2.8e+03   1.1e+02   0.95      0       
   2.8e+03   1.1e+02   0.95      0       
   2.8e+03   1.1e+02   0.95      0       
   2.8e+03   1.1e+02   0.95      0       
   2.8e+03   1.1e+02   0.95      0       
   2.8e+03   1.1e+02   0.95      0       
   2.8e+03   1.1e+02   0.95      0       
   2.8e+03   1.1e+02   0.95      0       
   2.8e+03   1.1e+02   0.95      0       
   2.8e+03   1.1e+02   0.95      0       
   2.8e+03   1.1e+02   0.95      0       
   2.8e+03   1.1e+02   0.95      0       
   2.8e+03   1.1e+02   0.95      0       
   2.8e+03   1.1e+02   0.95      0       
   2.8e+03   1.1e+02   0.95      0       
   2.8e+03   1.1e+02   0.95      0       

EFC_D
   18      
   18      
   18      
   8.2     
   8.2     
   8.2     
   18      
   18      
   18      
   8.2     
   8.2     
   8.2     
   0.38    
   0.18    
   0.28    
   0.27    
   0.011   
   0.0049  
   0.00073 
   0.38    
   0.18    
   0.28    
   0.27    
   0.011   
   0.0049  
   0.00073 
   41      
   41      
   41      
   41      
   36      
   36      
   36      
   36      
   36      
   36      
   36      
   36      
   2.3     
   2.3     
   2.3     
   2.3     
   4.3     
   4.3     
   4.3     
   4.3     
   16      
   16      
   16      
   16      
   16      
   16      
   16      
   16      
   16      
   16      
   16      
   16      
   16      
   16      
   16      
   16      
   0.4     
   0.4     
   0.4     
   0.4     
   0.4     
   0.4     
   0.4     
   0.4     
   16      
   16      
   16      
   16      
   16      
   16      
   16      
   16      
   16      
   16      
   16      
   16      
   16      
   16      
   16      
   16      
   0.4     
   0.4     
   0.4     
   0.4     

EFC_R
   0.055   
   0.055   
   0.055   
   0.12    
   0.12    
   0.12    
   0.055   
   0.055   
   0.055   
   0.12    
   0.12    
   0.12    
   2.6     
   5.4     
   3.5     
   3.7     
   89      
   2e+02   
   1.4e+03 
   2.6     
   5.4     
   3.5     
   3.7     
   89      
   2e+02   
   1.4e+03 
   0.024   
   0.024   
   0.024   
   0.024   
   0.028   
   0.028   
   0.028   
   0.028   
   0.028   
   0.028   
   0.028   
   0.028   
   0.44    
   0.44    
   0.44    
   0.44    
   0.23    
   0.23    
   0.23    
   0.23    
   0.063   
   0.063   
   0.063   
   0.063   
   0.063   
   0.063   
   0.063   
   0.063   
   0.063   
   0.063   
   0.063   
   0.063   
   0.063   
   0.063   
   0.063   
   0.063   
   2.5     
   2.5     
   2.5     
   2.5     
   2.5     
   2.5     
   2.5     
   2.5     
   0.064   
   0.064   
   0.064   
   0.064   
   0.064   
   0.064   
   0.064   
   0.064   
   0.064   
   0.064   
   0.064   
   0.064   
   0.064   
   0.064   
   0.064   
   0.064   
   2.5     
   2.5     
   2.5     
   2.5     

ACTUATOR_VELOCITY
   0.016   
   0.013   
   5.1e-06 
  -0.03    
  -0.019   
   8.5e-06 

CVEL
   0         0         0         0         0         0       
   0.0047   -0.0034   -0.0002   -0.00066  -0.00084  -0.00039 
  -0.0057   -0.016    -0.0002   -0.0014   -0.00023  -0.00065 
  -0.0043   -0.014    -0.0002   -0.0016   -2.5e-05  -0.0008  
  -0.0043   -0.014    -0.0002   -0.0016   -2.5e-05  -0.0008  
  -0.0037   -0.014    -0.0002   -0.0013   -0.00034  -0.0006  
  -0.0052   -0.015    -0.0002   -0.0015   -0.00012  -0.00057 
  -0.0042   -0.014    -0.0002   -0.0015   -0.00018  -0.0007  
  -0.0057   -0.016    -0.0002   -0.0013   -0.00028  -0.00077 
  -0.014    -0.027    -0.0002   -0.002     0.00029  -0.00088 
  -0.0096   -0.021    -0.0002   -0.0029    0.001    -0.00095 
  -0.0096   -0.021    -0.0002   -0.0029    0.001    -0.00095 
  -0.0077   -0.018    -0.0002   -0.0015   -0.00011  -0.0007  
  -0.013    -0.024    -0.0002   -0.0024    0.0006   -0.00048 
  -0.0096   -0.021    -0.0002   -0.0023    0.00048  -0.00085 
  -0.014    -0.027    -0.0002   -0.0019    0.00017  -0.0013  

CDOF_DOT
   0         0         0         0         0         0       
   0         0         0         0         0         0       
   0         0         0         0         0         0       
   0         0        -0        -0.00027  -0.00032   5.9e-05 
   0         0         0         0.00032  -0.00027  -4.6e-05 
   0        -0         0        -1.7e-05   7.3e-05  -2.3e-08 
  -0.00016   0.00013  -0.0058   -0.00024   0.00033   2.5e-07 
  -0.00016   0.00013  -0.0058   -0.0016    0.00076   0.0032  
  -0.00016   0.00013  -0.0058   -0.0036    0.0014    0.00035 
  -0.00016   0.00013  -0.0058   -0.00024   0.00033   2.5e-07 
  -0.00016   0.00013  -0.0058   -0.00065   0.00046  -0.0012  
  -0.00016   0.00013  -0.0058   -0.0018    0.00084   0.00017 
  -0.00016   0.00013  -0.0058   -0.00015   0.00032   0.0019  
   0.00016  -0.00013   0.0058    0.00024  -0.00033  -2.5e-07 
   0.00016  -0.00013   0.0058    0.00096  -0.00067  -0.0064  
   0.00016  -0.00013   0.0058    0.0047   -0.0025   -0.0024  
   0.00016  -0.00013   0.0058    0.00024  -0.00033  -2.5e-07 
   0.00016  -0.00013   0.0058    0.0011   -0.00069   0.0017  
   0.00016  -0.00013   0.0058    0.0023   -0.0013   -0.0011  
   0.00016  -0.00013   0.0058   -0.00056   3.8e-05  -0.0035  

QFRC_BIAS
   8.2e-05 
  -1.2e-05 
   1.6e+02 
   0.55    
   2.5     
  -0.00038 
  -1       
  -0.53    
  -0.00014 
  -0.067   
  -0.02    
   0.061   
  -0.0076  
   0.81    
   0.65    
  -0.00026 
   0.044   
  -0.024   
  -0.08    
   0.0024  

QFRC_SPRING
   0       
   0       
   0       
   0       
   0       
   0       
   0       
   0       
   0       
   0       
   0       
   0       
   0       
   0       
   0       
   0       
   0       
   0       
   0       
   0       

QFRC_DAMPER
   0       
   0       
   0       
   0       
   0       
   0       
  -0.0033  
   0.00011 
  -1e-07   
  -0.0026  
  -4.7e-05 
   3e-05   
  -4.7e-05 
   0.006   
  -0.00038 
  -1.7e-07 
   0.0039  
   0.00015 
  -9.1e-05 
   0.00015 

QFRC_GRAVCOMP
   0       
   0       
   0       
   0       
   0       
   0       
   0       
   0       
   0       
   0       
   0       
   0       
   0       
   0       
   0       
   0       
   0       
   0       
   0       
   0       

QFRC_FLUID
   0       
   0       
   0       
   0       
   0       
   0       
   0       
   0       
   0       
   0       
   0       
   0       
   0       
   0       
   0       
   0       
   0       
   0       
   0       
   0       

QFRC_PASSIVE
   0       
   0       
   0       
   0       
   0       
   0       
  -0.0033  
   0.00011 
  -1e-07   
  -0.0026  
  -4.7e-05 
   3e-05   
  -4.7e-05 
   0.006   
  -0.00038 
  -1.7e-07 
   0.0039  
   0.00015 
  -9.1e-05 
   0.00015 

EFC_VEL
  -5.5e-07 
   4.2e-07 
   2.2e-06 
   3.3e-07 
  -2.4e-07 
  -1.3e-06 
  -2.8e-07 
   2.1e-07 
  -3e-06   
   7.6e-07 
  -5.7e-07 
  -2.9e-06 
   0.016   
  -0.0023  
   5.1e-06 
   0.013   
   0.0023  
  -0.0015  
   0.0023  
  -0.03    
   0.0076  
   8.5e-06 
  -0.019   
  -0.0076  
   0.0045  
  -0.0076  
  -0.00085 
  -0.0011  
  -0.00094 
  -0.00096 
   0.00011 
   0.00012 
   0.00016 
   7e-05   
  -0.0012  
  -0.0012  
  -0.0011  
  -0.0013  
  -0.00088 
   0.00098 
   0.00034 
  -0.00024 
  -0.0012  
   0.0013  
  -4.3e-05 
   0.00017 
  -3.4e-05 
   3.4e-05 
   5.2e-05 
  -5.2e-05 
   3.8e-06 
  -3.8e-06 
  -6.2e-05 
   6.2e-05 
  -6.2e-05 
   6.2e-05 
  -3.3e-06 
   3.3e-06 
   6.2e-05 
  -6.2e-05 
   3.3e-06 
  -3.3e-06 
  -0.00014 
   0.00014 
  -7e-07   
  -6.8e-07 
  -0.00014 
   0.00014 
  -7e-07   
  -6.8e-07 
   6.7e-05 
  -6.7e-05 
  -0.0002  
   0.0002  
  -6.7e-05 
   6.7e-05 
   0.0002  
  -0.0002  
   0.0002  
  -0.0002  
   6.6e-05 
  -6.6e-05 
  -0.0002  
   0.0002  
  -6.6e-05 
   6.6e-05 
  -0.00043 
   0.00049 
   3.2e-05 
   3.2e-05 

EFC_AREF
  -0.077   
   0.064   
  -1       
  -0.35    
   0.29    
   1.1     
   0.14    
  -0.12    
  -0.91    
  -0.16    
   0.13    
   1.7     
  -1.7     
   0.24    
  -0.00054 
  -1.4     
  -0.24    
   0.16    
  -0.25    
   3.2     
  -0.8     
  -0.00089 
   2       
   0.8     
  -0.48    
   0.8     
   1       
   1       
   1       
   1       
   0.46    
   0.45    
   0.45    
   0.46    
   0.49    
   0.5     
   0.49    
   0.5     
   0.89    
   0.69    
   0.76    
   0.82    
   5.2     
   4.9     
   5.1     
   5.1     
   45      
   45      
   45      
   45      
   45      
   45      
   45      
   45      
   45      
   45      
   45      
   45      
   45      
   45      
   45      
   45      
   3.5     
   3.5     
   3.5     
   3.5     
   3.5     
   3.5     
   3.5     
   3.5     
   45      
   45      
   45      
   45      
   45      
   45      
   45      
   45      
   45      
   45      
   45      
   45      
   45      
   45      
   45      
   45      
   3.9     
   3.8     
   3.9     
   3.9     

SUBTREE_LINVEL
   0         0         0       
   0         0         0       
   0         0         0       
   0         0         0       
   0         0         0       
   0         0         0       
   0         0         0       
   0         0         0       
   0         0         0       
   0         0         0       
   0         0         0       
   0         0         0       
   0         0         0       
   0         0         0       
   0         0         0       
   0         0         0       

SUBTREE_ANGMOM
   0         0         0       
   0         0         0       
   0         0         0       
   0         0         0       
   0         0         0       
   0         0         0       
   0         0         0       
   0         0         0       
   0         0         0       
   0         0         0       
   0         0         0       
   0         0         0       
   0         0         0       
   0         0         0       
   0         0         0       
   0         0         0       

ACTUATOR_FORCE
  -0.019   
  -0.019   
   0       
  -0.51    
  -0.51    
   0       

QFRC_ACTUATOR
   0       
   0       
   0       
   0       
   0       
   0       
  -0.019   
   0       
   0       
  -0.019   
   0       
   0       
   0       
  -0.51    
   0       
   0       
  -0.51    
   0       
   0       
   0       

QFRC_SMOOTH
  -8.2e-05 
   1.2e-05 
  -1.6e+02 
  -0.55    
  -2.5     
   0.00038 
   1       
   0.53    
   0.00014 
   0.046   
   0.02    
  -0.061   
   0.0075  
  -1.3     
  -0.65    
   0.00026 
  -0.55    
   0.024   
   0.08    
  -0.0023  

QACC_SMOOTH
  -0.009   
  -0.043   
  -9.8     
  -0.25    
   0.23    
   0.32    
  -0.36    
   0.33    
   0.0032  
  -0.68    
   0.38    
   0.11    
   0.28    
  -10      
   4.7     
   0.065   
  -16      
   7.7     
  -0.24    
   13      

EFC_B
   0.037   
  -0.03    
   1       
   0.28    
  -0.23    
  -1.1     
   0.49    
  -0.41    
   0.6     
   2       
  -1.6     
  -1.6     
   1.4     
   0.096   
   0.0038  
   0.71    
   0.63    
  -0.05    
   0.53    
  -13      
   5.5     
   0.066   
  -19      
   6.9     
   0.24    
   12      
  -11      
  -11      
  -11      
  -11      
  -10      
  -10      
  -10      
  -10      
  -10      
  -10      
  -10      
  -10      
  -0.85    
  -0.72    
  -0.8     
  -0.77    
  -6.2     
  -4.1     
  -6.1     
  -4.2     
  -45      
  -45      
  -45      
  -45      
  -45      
  -45      
  -45      
  -45      
  -45      
  -45      
  -45      
  -45      
  -45      
  -45      
  -45      
  -45      
  -3.5     
  -3.5     
  -3.5     
  -3.5     
  -3.5     
  -3.5     
  -3.5     
  -3.5     
  -45      
  -45      
  -45      
  -45      
  -45      
  -45      
  -45      
  -45      
  -45      
  -45      
  -45      
  -45      
  -45      
  -45      
  -45      
  -45      
  -3.7     
  -2.7     
  -3.2     
  -3.2     

EFC_FORCE
  -1.4     
   1.2     
  -18      
  -2.8     
   2.3     
   9.1     
   2.6     
  -2.1     
  -17      
  -1.3     
   1.1     
   14      
  -0.64    
   0.058   
  -0.0002  
  -0.38    
  -0.0024  
   0.0008  
  -0.00016 
   1.3     
  -0.1     
  -0.00039 
   0.57    
   0.0095  
  -0.0021  
   0.00064 
   23      
   20      
   21      
   23      
   19      
   17      
   17      
   19      
   1.2     
   0       
   0       
   0.95    
   2       
   1.6     
   1.7     
   1.9     
   22      
   21      
   22      
   22      
   7.2e+02 
   7.2e+02 
   7.1e+02 
   7.2e+02 
   7.2e+02 
   7.2e+02 
   7.2e+02 
   7.1e+02 
   7.2e+02 
   7.1e+02 
   7.2e+02 
   7.2e+02 
   7.1e+02 
   7.2e+02 
   7.2e+02 
   7.2e+02 
   1.4     
   1.4     
   1.4     
   1.4     
   1.4     
   1.4     
   1.4     
   1.4     
   7e+02   
   7e+02   
   7e+02   
   7e+02   
   7e+02   
   7e+02   
   7e+02   
   7e+02   
   7e+02   
   7e+02   
   7e+02   
   7e+02   
   7e+02   
   7e+02   
   7e+02   
   7e+02   
   1.6     
   1.5     
   1.6     
   1.6     

EFC_STATE
  1
  1
  1
  1
  1
  1
  1
  1
  1
  1
  1
  1
  1
  1
  1
  1
  1
  1
  1
  2
  3
  1
  2
  1
  1
  1
  1
  1
  1
  1
  1
  1
  1
  1
  1
  1
  1
  1
  1
  1
  1
  1
  1
  1
  1
  1
  1
  1
  1
  1
  1
  1
  1
  1
  1
  1
  1
  1
  1
  1
  1
  1
  1
  1
  1
  1
  1
  1
  1
  1
  1
  1
  1
  1
  1
  1
  1
  1
  1
  1
  1
  1
  1
  1
  1
  1
  1
  1
  1
  1

QFRC_CONSTRAINT
   4.3     
   4.9     
   1.6e+02 
  -1.8     
   2.7     
  -0.063   
  -0.99    
  -0.52    
  -0.0002  
  -0.045   
  -0.02    
   0.06    
  -0.0074  
   1.4     
   0.69    
  -0.00039 
   0.55    
  -0.025   
  -0.085   
   0.0024  

QFRC_INVERSE
   0       
   0       
   0       
   0       
   0       
   0       
   0       
   0       
   0       
   0       
   0       
   0       
   0       
   0       
   0       
   0       
   0       
   0       
   0       
   0       

CACC
   0         0         0        -0        -0         9.8     
  -1.8       1.5       0.052     0.27      0.3       10      
  -1.7       1.6       0.052     0.27      0.3       10      
  -1.7       1.6       0.052     0.26      0.31      10      
  -1.7       1.6       0.052     0.26      0.31      10      
  -1.8       1.5       0.052     0.27      0.3       10      
  -1.7       1.6       0.052     0.27      0.3       10      
  -1.7       1.6       0.052     0.27      0.3       10      
  -1.7       1.6       0.052     0.27      0.3       10      
  -1.9       1.4       0.052     0.26      0.31      10      
  -2         1.2       0.052     0.29      0.28      10      
  -2         1.2       0.052     0.29      0.28      10      
  -1.8       1.5       0.052     0.27      0.3       10      
  -1.8       1.5       0.052     0.26      0.31      10      
  -1.8       1.4       0.052     0.26      0.31      10      
  -1.9       1.4       0.052     0.26      0.31      10      

CFRC_INT
   0         0         0         0         1.8e-12  -7.6e-14 
   0         0         0         0         1.8e-12  -7.6e-14 
   5.2e+02  -4.3e+02   2.1e+02   7.3e+03   8.8e+03   6.1     
   2.2      -1.4       0.64     -2.7       2.5       14      
   0.7       0.077    -0.012     0.035     0.049     2.4     
  -5.2e+02   4.3e+02  -2.1e+02  -7.3e+03  -8.8e+03   3.8     
   0.41      0.27      0.74     -6.5      -3.8       3.9     
   0.88     -0.041     0.55     -2.7       2.3       3.4     
  -2         1.7       0.88     -4.2       3.5      -15      
  -5.1e+02   4.2e+02  -1.8e+02  -7.1e+03  -8.7e+03   7.1     
  -2.9       2.2      -0.34     -1.1       1.2       19      
  -0.11      0.73     -0.013     0.066     0.056     2.6     
   5.1e+02  -4.2e+02   1.8e+02   7.2e+03   8.7e+03   7.5     
   4.7      -4.3      -3.2       57        64        6.2     
  -0.0054    0.59     -1.3      -5.8       4.8       1.7     
   2.6      -1.3      -0.71     -3.2       2.7      -15      

CFRC_EXT
   0         0         0         0         0         0       
   3.3      -3.8      -1.6       63        58        1.6e+02 
  -5.2e+02   4.3e+02  -2.1e+02  -7.3e+03  -8.8e+03   11      
  -0.95      1.4      -0.66      2.8      -2.3      -9.1     
   0         0         0         0         0         0       
   5.2e+02  -4.3e+02   2.1e+02   7.3e+03   8.8e+03   0.72    
   0.53     -0.34     -0.19      3.8       6.1      -0.2     
  -2.8       1.7       0.33     -1.4       1.2      -18      
   2.1      -1.8      -0.88      4.2      -3.4       15      
   5e+02    -4.2e+02   1.8e+02   7.1e+03   8.7e+03   15      
   2.6      -0.93      0.32      1.3      -1.1      -14      
   0         0         0         0         0         0       
  -5.1e+02   4.2e+02  -1.8e+02  -7.1e+03  -8.7e+03  -0.62    
  -4.8       4.9       1.8      -63       -59       -4.1     
   2.6      -1.8       0.63      2.6      -2.1      -17      
  -2.7       1.4       0.71      3.2      -2.6       16      

TREE_ISLAND
  0

ISLAND_NTREE
  1

ISLAND_ITREEADR
  0

MAP_ITREE2TREE
  0

DOF_ISLAND            0 0 0 0 0 0 0 0 0 0 0 0 0 0 0 0 0 0 0 0

ISLAND_NV             20

ISLAND_IDOFADR        0

MAP_IDOF2DOF          0 1 2 3 4 5 6 7 8 9 10 11 12 13 14 15 16 17 18 19

EFC_ISLAND            0 0 0 0 0 0 0 0 0 0 0 0 0 0 0 0 0 0 0 0 0 0 0 0 0 0 0 0 0 0 0 0 0 0 0 0 0 0 0 0 0 0 0 0 0 0 0 0 0 0 0 0 0 0 0 0 0 0 0 0 0 0 0 0 0 0 0 0 0 0 0 0 0 0 0 0 0 0 0 0 0 0 0 0 0 0 0 0 0 0

ISLAND_NEFC           90

ISLAND_IEFCADR        0

MAP_IEFC2EFC          0 1 2 3 4 5 6 7 8 9 10 11 12 13 14 15 16 17 18 19 20 21 22 23 24 25 26 27 28 29 30 31 32 33 34 35 36 37 38 39 40 41 42 43 44 45 46 47 48 49 50 51 52 53 54 55 56 57 58 59 60 61 62 63 64 65 66 67 68 69 70 71 72 73 74 75 76 77 78 79 80 81 82 83 84 85 86 87 88 89

